,Diagnosis,Justification
0,"Hepatitis A, B, or C","Jaundice, fatigue, and dark urine are common symptoms of hepatitis. Although the patient denies known exposure, hepatitis can sometimes be contracted unknowingly."
1,Alcoholic liver disease,"The patient reports occasional alcohol use, which could contribute to liver dysfunction and jaundice, although the use is described as occasional."
2,Gallstones or choledocholithiasis,"Mild abdominal discomfort and jaundice could indicate a blockage in the bile duct, possibly due to gallstones."
3,Autoimmune hepatitis,"The patient has no significant past medical history or family history of liver disease, but autoimmune hepatitis can occur without these risk factors."
4,Drug-induced liver injury,"Although the patient denies regular medication use, over-the-counter or herbal supplements could cause liver injury, leading to jaundice."
5,Primary biliary cholangitis,"This condition can cause jaundice and fatigue, and it often presents in middle-aged women."
6,Hemolytic anemia,"Although less likely given the presentation, hemolytic anemia can cause jaundice due to increased breakdown of red blood cells."
7,Pancreatic cancer,"Jaundice and abdominal discomfort could be due to a mass obstructing the bile duct, although the patient does not report significant weight loss."
8,Liver cirrhosis,"Chronic liver damage from various causes can lead to cirrhosis, presenting with jaundice and fatigue."
